Entity,Code
Afghanistan,AFG
Albania,ALB
Algeria,DZA
Argentina,ARG
Armenia,ARM
Australia,AUS
Australia/New Zealand,
Austria,AUT
Azerbaijan,AZE
Bangladesh,BGD
Belarus,BLR
Belgium,BEL
Benin,BEN
Bolivia,BOL
Bosnia and Herzegovina,BIH
Botswana,BWA
Brazil,BRA
Bulgaria,BGR
Burkina Faso,BFA
Burundi,BDI
Cambodia,KHM
Cameroon,CMR
Canada,CAN
Central Africa,
Central America and Mexico,
Central Asia,
Chad,TCD
Chile,CHL
China,CHN
Colombia,COL
Comoros,COM
Congo,COG
Costa Rica,CRI
Cote d'Ivoire,CIV
Croatia,HRV
Cyprus,CYP
Czech Republic,CZE
Denmark,DNK
Dominican Republic,DOM
East Asia,
Eastern Africa,
Eastern Europe,
Ecuador,ECU
Egypt,EGY
El Salvador,SLV
Estonia,EST
Ethiopia,ETH
Finland,FIN
France,FRA
Gabon,GAB
Gambia,GMB
Georgia,GEO
Germany,DEU
Ghana,GHA
Greece,GRC
Guatemala,GTM
Guinea,GIN
Haiti,HTI
Honduras,HND
Hungary,HUN
Iceland,ISL
India,IND
Indonesia,IDN
Iran,IRN
Iraq,IRQ
Ireland,IRL
Israel,ISR
Italy,ITA
Japan,JPN
Jordan,JOR
Kazakhstan,KAZ
Kenya,KEN
Kosovo,OWID_KOS
Kuwait,KWT
Kyrgyzstan,KGZ
Laos,LAO
Latvia,LVA
Lebanon,LBN
Liberia,LBR
Libya,LBY
Lithuania,LTU
Luxembourg,LUX
Macedonia,MKD
Madagascar,MDG
Malawi,MWI
Malaysia,MYS
Mali,MLI
Malta,MLT
Mauritania,MRT
Mauritius,MUS
Mexico,MEX
Middle East,
Moldova,MDA
Mongolia,MNG
Montenegro,MNE
Morocco,MAR
Mozambique,MOZ
Myanmar,MMR
Namibia,NAM
Nepal,NPL
Netherlands,NLD
New Zealand,NZL
Nicaragua,NIC
Niger,NER
Nigeria,NGA
North Africa,
Northern America,
Northern Cyprus,OWID_CYN
Northern Europe,
Norway,NOR
Pakistan,PAK
Palestine,PSE
Panama,PAN
Paraguay,PRY
Peru,PER
Philippines,PHL
Poland,POL
Portugal,PRT
Romania,ROU
Russia,RUS
Rwanda,RWA
Saudi Arabia,SAU
Senegal,SEN
Serbia,SRB
Sierra Leone,SLE
Singapore,SGP
Slovakia,SVK
Slovenia,SVN
South Africa,ZAF
South America,
South Asia,
South Korea,KOR
Southeast Asia,
Southern Africa,
Southern Europe,
Spain,ESP
Sri Lanka,LKA
Swaziland,SWZ
Sweden,SWE
Switzerland,CHE
Taiwan,TWN
Tajikistan,TJK
Tanzania,TZA
Thailand,THA
Togo,TGO
Tunisia,TUN
Turkey,TUR
Turkmenistan,TKM
Uganda,UGA
Ukraine,UKR
United Arab Emirates,ARE
United Kingdom,GBR
United States,USA
Uruguay,URY
Uzbekistan,UZB
Venezuela,VEN
Vietnam,VNM
Western Africa,
Western Europe,
World,OWID_WRL
Yemen,YEM
Zambia,ZMB
Zimbabwe,ZWE
