Entity,Code,Year,(%)
Afghanistan,AFG,2018,0.352001327
Albania,ALB,2018,7.339079826
Algeria,DZA,2018,1.182944002
Argentina,ARG,2018,9.227833559
Armenia,ARM,2018,0.662218721
Australia,AUS,2018,9.637653205
Australia/New Zealand,,2018,5
Austria,AUT,2018,4.482686392
Azerbaijan,AZE,2018,12.56667356
Bangladesh,BGD,2018,8.114134241
Belarus,BLR,2018,0.415976579
Belgium,BEL,2018,22.72186377
Benin,BEN,2018,6.036002271
Bolivia,BOL,2018,0.521671989
Bosnia and Herzegovina,BIH,2018,0.966430124
Botswana,BWA,2018,7.894420336
Brazil,BRA,2018,0.854075556
Bulgaria,BGR,2018,1.502144603
Burkina Faso,BFA,2018,16.58970003
Burundi,BDI,2018,1.60770562
Cameroon,CMR,2018,0.125374739
Canada,CAN,2018,0.225605328
Central Africa,,2018,1
Central America and Mexico,,2018,1
Central Asia,,2018,6
Chad,TCD,2018,6.682399366
Chile,CHL,2018,1.345839672
China,CHN,2018,6.530150944
Colombia,COL,2018,6.769296607
Comoros,COM,2018,0.461654484
Congo,COG,2018,0.381361424
Costa Rica,CRI,2018,0.96701323
Cote d'Ivoire,CIV,2018,7.137593322
Croatia,HRV,2018,0.975766069
Cyprus,CYP,2018,14.40985475
Czech Republic,CZE,2018,8.325576558
Denmark,DNK,2018,9.791760637
Dominican Republic,DOM,2018,5.171330665
East Asia,,2018,9
Eastern Africa,,2018,1
Eastern Europe,,2018,11
Ecuador,ECU,2018,0.161016762
Egypt,EGY,2018,0.741916089
El Salvador,SLV,2018,0.276848913
Estonia,EST,2018,1.923880133
Ethiopia,ETH,2018,13.19212153
Finland,FIN,2018,0.046589768
France,FRA,2018,4.038316589
Gabon,GAB,2018,13.28323199
Gambia,GMB,2018,0.260039416
Georgia,GEO,2018,1.484092086
Germany,DEU,2018,3.283339975
Ghana,GHA,2018,6.705374459
Greece,GRC,2018,1.041994513
Guatemala,GTM,2018,3.889349843
Guinea,GIN,2018,0.89015577
Haiti,HTI,2018,0.710020793
Honduras,HND,2018,0.28609248
Hungary,HUN,2018,0.5912916
Iceland,ISL,2018,6.771739338
India,IND,2018,0.646350128
Indonesia,IDN,2018,0.799093143
Iran,IRN,2018,2.467287998
Iraq,IRQ,2018,3.627608046
Ireland,IRL,2018,0.656189801
Israel,ISR,2018,3.992516729
Italy,ITA,2018,4.078166952
Japan,JPN,2018,0.822648809
Jordan,JOR,2018,27.64250019
Kazakhstan,KAZ,2018,0.692061802
Kenya,KEN,2018,15.21416638
Kosovo,OWID_KOS,2018,0.860718321
Kuwait,KWT,2018,2.469196348
Kyrgyzstan,KGZ,2018,2.777330897
Laos,LAO,2018,3.659993831
Latvia,LVA,2018,0.385485992
Lebanon,LBN,2018,16.80263852
Liberia,LBR,2018,2.307798238
Libya,LBY,2018,0.356836466
Lithuania,LTU,2018,6.144981373
Luxembourg,LUX,2018,19.40515182
Macedonia,MKD,2018,6.59532643
Madagascar,MDG,2018,11.53528498
Malawi,MWI,2018,0.133797434
Malaysia,MYS,2018,1.305738959
Mali,MLI,2018,1.733056868
Malta,MLT,2018,0.580232566
Mauritania,MRT,2018,3.498301059
Mauritius,MUS,2018,2.236891439
Mexico,MEX,2018,2.35474186
Middle East,,2018,3
Moldova,MDA,2018,0.767414665
Mongolia,MNG,2018,23.84714959
Montenegro,MNE,2018,1.01344786
Morocco,MAR,2018,20.89832674
Mozambique,MOZ,2018,1.308893373
Myanmar,MMR,2018,0.948933733
Namibia,NAM,2018,0.603961966
Nepal,NPL,2018,0.981191134
Netherlands,NLD,2018,0.341108245
New Zealand,NZL,2018,3.410760128
Nicaragua,NIC,2018,6.881707068
Niger,NER,2018,0.176483474
Nigeria,NGA,2018,0.065632461
North Africa,,2018,3
Northern America,,2018,7
Northern Cyprus,OWID_CYN,2018,0.402060545
Northern Europe,,2018,6
Norway,NOR,2018,1.323759194
Pakistan,PAK,2018,2.536202864
Palestine,PSE,2018,0.108434755
Panama,PAN,2018,2.138559221
Paraguay,PRY,2018,1.708735837
Peru,PER,2018,1.220949007
Philippines,PHL,2018,0.725047023
Poland,POL,2018,6.049248973
Portugal,PRT,2018,2.32041618
Romania,ROU,2018,4.687316487
Russia,RUS,2018,9.889167353
Rwanda,RWA,2018,0.765732331
Saudi Arabia,SAU,2018,4.144690986
Senegal,SEN,2018,1.557530747
Serbia,SRB,2018,7.237638888
Sierra Leone,SLE,2018,0.04415574
Singapore,SGP,2018,11.26641659
Slovakia,SVK,2018,10.484712
Slovenia,SVN,2018,5.256530175
South Africa,ZAF,2018,2.629555099
South America,,2018,1
South Asia,,2018,1
South Korea,KOR,2018,18.80167886
Southeast Asia,,2018,2
Southern Africa,,2018,3
Southern Europe,,2018,7
Spain,ESP,2018,6.542271358
Sri Lanka,LKA,2018,0.420736578
Swaziland,SWZ,2018,3.632393977
Sweden,SWE,2018,3.753363936
Switzerland,CHE,2018,14.54176348
Taiwan,TWN,2018,8.21842427
Tajikistan,TJK,2018,2.125310101
Tanzania,TZA,2018,0.370717429
Thailand,THA,2018,1.256087168
Togo,TGO,2018,2.791985236
Tunisia,TUN,2018,4.495562847
Turkey,TUR,2018,1.971368414
Turkmenistan,TKM,2018,1.564634863
Uganda,UGA,2018,0.741204419
Ukraine,UKR,2018,15.08349787
United Arab Emirates,ARE,2018,2.587562353
United Kingdom,GBR,2018,6.193102281
United States,USA,2018,6.513464405
Uruguay,URY,2018,2.953618782
Uzbekistan,UZB,2018,0.70499057
Venezuela,VEN,2018,0.274466511
Vietnam,VNM,2018,4.630507744
Western Africa,,2018,1
Western Europe,,2018,9
World,OWID_WRL,2018,5
Yemen,YEM,2018,3.046882459
Zambia,ZMB,2018,1.643229688
Zimbabwe,ZWE,2018,2.115045511
