Entity,Code,Year,(%)
Afghanistan,AFG,2018,2.09669366
Albania,ALB,2018,1.670224002
Algeria,DZA,2018,3.702127351
Argentina,ARG,2018,1.212598334
Armenia,ARM,2018,12.17313418
Australia,AUS,2018,3.276187107
Australia/New Zealand,,2018,4
Austria,AUT,2018,11.78723186
Azerbaijan,AZE,2018,8.316148363
Bangladesh,BGD,2018,0.396651362
Belarus,BLR,2018,7.597193224
Belgium,BEL,2018,4.700652608
Benin,BEN,2018,1.794186452
Bolivia,BOL,2018,1.777991454
Bosnia and Herzegovina,BIH,2018,5.866728907
Botswana,BWA,2018,3.825546888
Brazil,BRA,2018,0.504578666
Bulgaria,BGR,2018,6.922498454
Burkina Faso,BFA,2018,2.869976837
Burundi,BDI,2018,0.661125647
Cambodia,KHM,2018,0.472894487
Cameroon,CMR,2018,1.821170138
Canada,CAN,2018,5.370012878
Central Africa,,2018,2
Central America and Mexico,,2018,1
Central Asia,,2018,4
Chad,TCD,2018,4.344118015
Chile,CHL,2018,3.98514653
China,CHN,2018,1.868376767
Colombia,COL,2018,0.582169118
Comoros,COM,2018,1.308382738
Congo,COG,2018,2.207636832
Costa Rica,CRI,2018,1.037113384
Cote d'Ivoire,CIV,2018,1.484182932
Croatia,HRV,2018,4.352767471
Cyprus,CYP,2018,6.016327191
Czech Republic,CZE,2018,2.981318636
Denmark,DNK,2018,2.36310731
Dominican Republic,DOM,2018,0.12714161
East Asia,,2018,2
Eastern Africa,,2018,1
Eastern Europe,,2018,7
Ecuador,ECU,2018,0.895799755
Egypt,EGY,2018,0.309066032
El Salvador,SLV,2018,0.827741254
Estonia,EST,2018,5.720150799
Ethiopia,ETH,2018,0.14044208
Finland,FIN,2018,1.680263603
France,FRA,2018,9.758586958
Gabon,GAB,2018,2.645818692
Gambia,GMB,2018,2.818174006
Georgia,GEO,2018,3.634566646
Germany,DEU,2018,4.291943979
Ghana,GHA,2018,2.763845301
Greece,GRC,2018,1.679683227
Guatemala,GTM,2018,0.842762166
Guinea,GIN,2018,3.588067094
Haiti,HTI,2018,1.717215017
Honduras,HND,2018,0.262917427
Hungary,HUN,2018,1.274012043
Iceland,ISL,2018,0.881542112
India,IND,2018,1.352926787
Indonesia,IDN,2018,3.010707634
Iran,IRN,2018,1.716036984
Iraq,IRQ,2018,2.939514949
Ireland,IRL,2018,3.935820977
Israel,ISR,2018,0.88202389
Italy,ITA,2018,8.231379081
Japan,JPN,2018,4.739243635
Jordan,JOR,2018,0.973810325
Kazakhstan,KAZ,2018,3.718647336
Kenya,KEN,2018,1.31194462
Kosovo,OWID_KOS,2018,0.903778738
Kuwait,KWT,2018,2.153418538
Kyrgyzstan,KGZ,2018,4.382050751
Laos,LAO,2018,0.245208395
Latvia,LVA,2018,5.949013577
Lebanon,LBN,2018,0.155654273
Liberia,LBR,2018,2.031008316
Libya,LBY,2018,5.662988163
Lithuania,LTU,2018,4.237066367
Luxembourg,LUX,2018,4.617740176
Macedonia,MKD,2018,6.461362145
Madagascar,MDG,2018,2.288021446
Malawi,MWI,2018,0.922581649
Malaysia,MYS,2018,3.123561604
Mali,MLI,2018,2.225519326
Malta,MLT,2018,2.016089401
Mauritania,MRT,2018,1.832958504
Mauritius,MUS,2018,1.744295152
Mexico,MEX,2018,1.003724047
Middle East,,2018,3
Moldova,MDA,2018,6.880686774
Mongolia,MNG,2018,4.258527637
Montenegro,MNE,2018,6.923310581
Morocco,MAR,2018,1.665594377
Mozambique,MOZ,2018,1.000706274
Myanmar,MMR,2018,0.72673444
Namibia,NAM,2018,4.444738826
Nepal,NPL,2018,1.048351541
Netherlands,NLD,2018,5.665388279
New Zealand,NZL,2018,5.612593004
Nicaragua,NIC,2018,0.375851358
Niger,NER,2018,4.174073069
Nigeria,NGA,2018,3.237375922
North Africa,,2018,2
Northern America,,2018,6
Northern Cyprus,OWID_CYN,2018,0
Northern Europe,,2018,3
Norway,NOR,2018,1.923139822
Pakistan,PAK,2018,2.048896381
Palestine,PSE,2018,0.034427239
Panama,PAN,2018,1.570896565
Paraguay,PRY,2018,1.697453577
Peru,PER,2018,3.121639456
Philippines,PHL,2018,5.130115078
Poland,POL,2018,4.148356811
Portugal,PRT,2018,0.989262723
Romania,ROU,2018,4.578165028
Russia,RUS,2018,9.4713641
Rwanda,RWA,2018,0.626441374
Saudi Arabia,SAU,2018,1.308725088
Senegal,SEN,2018,2.716341588
Serbia,SRB,2018,5.377880369
Sierra Leone,SLE,2018,0.653627709
Singapore,SGP,2018,2.117348819
Slovakia,SVK,2018,2.6178205
Slovenia,SVN,2018,5.80245495
South Africa,ZAF,2018,4.661810314
South America,,2018,1
South Asia,,2018,2
South Korea,KOR,2018,5.103353577
Southeast Asia,,2018,3
Southern Africa,,2018,4
Southern Europe,,2018,6
Spain,ESP,2018,5.00635976
Sri Lanka,LKA,2018,0.668497162
Swaziland,SWZ,2018,1.391072617
Sweden,SWE,2018,2.198213879
Switzerland,CHE,2018,9.2555687
Taiwan,TWN,2018,3.66298564
Tajikistan,TJK,2018,0.673757537
Tanzania,TZA,2018,0.583005908
Thailand,THA,2018,1.212679891
Togo,TGO,2018,3.061218588
Tunisia,TUN,2018,2.633111366
Turkey,TUR,2018,3.460505912
Turkmenistan,TKM,2018,5.391968047
Uganda,UGA,2018,1.631230651
Ukraine,UKR,2018,4.289513483
United Arab Emirates,ARE,2018,2.452531891
United Kingdom,GBR,2018,3.550782864
United States,USA,2018,6.065628933
Uruguay,URY,2018,2.356830526
Uzbekistan,UZB,2018,0.481913574
Venezuela,VEN,2018,0.149682439
Vietnam,VNM,2018,1.396909176
Western Africa,,2018,3
Western Europe,,2018,7
World,OWID_WRL,2018,3
Yemen,YEM,2018,1.832942182
Zambia,ZMB,2018,2.340405547
Zimbabwe,ZWE,2018,0.568950086
